"b'""literal"""	"""predicate_id"""	"""object_id"""	"""mapping_justification"""	"""mapping_provider"""	"""author_label"""	"""mapping_date"""
"""Gracile bone dysplasia"""	"""http://www.w3.org/2000/01/rdf-schema#label"""	"""http://www.orpha.net/ORDO/Orphanet_2763"""	"""https://w3id.org/semapv/vocab/ManualMappingCuration"""	"""https://www.targetvalidation.org"""	"""Denise Carvalho-Silva, Ian Dunham, Gautier Koscielny, Naveen Aranganathan"""	2017-05-24T12:00:00
"""Basal ganglia calcification, idiopathic, 5"""	"""http://www.w3.org/2000/01/rdf-schema#label"""	"""http://www.orpha.net/ORDO/Orphanet_1980"""	"""https://w3id.org/semapv/vocab/ManualMappingCuration"""	"""https://www.targetvalidation.org"""	"""Denise Carvalho-Silva, Ian Dunham, Gautier Koscielny, Naveen Aranganathan"""	2017-05-24T12:00:00
"""Roberts syndrome"""	"""http://www.w3.org/2000/01/rdf-schema#label"""	"""http://www.orpha.net/ORDO/Orphanet_3103"""	"""https://w3id.org/semapv/vocab/ManualMappingCuration"""	"""https://www.targetvalidation.org"""	"""Denise Carvalho-Silva, Ian Dunham, Gautier Koscielny, Naveen Aranganathan"""	2017-05-24T12:00:00
"""Myopathy, myofibrillar 1"""	"""http://www.w3.org/2000/01/rdf-schema#label"""	"""http://www.orpha.net/ORDO/Orphanet_98909"""	"""https://w3id.org/semapv/vocab/ManualMappingCuration"""	"""https://www.targetvalidation.org"""	"""Denise Carvalho-Silva, Ian Dunham, Gautier Koscielny, Naveen Aranganathan"""	2017-05-24T12:00:00
"""Muscular dystrophy, limb-girdle, type 2L"""	"""http://www.w3.org/2000/01/rdf-schema#label"""	"""http://www.orpha.net/ORDO/Orphanet_206549"""	"""https://w3id.org/semapv/vocab/ManualMappingCuration"""	"""https://www.targetvalidation.org"""	"""Denise Carvalho-Silva, Ian Dunham, Gautier Koscielny, Naveen Aranganathan"""	2017-05-24T12:00:00
"""Specific granule deficiency"""	"""http://www.w3.org/2000/01/rdf-schema#label"""	"""http://www.orpha.net/ORDO/Orphanet_169142"""	"""https://w3id.org/semapv/vocab/ManualMappingCuration"""	"""https://www.targetvalidation.org"""	"""Gautier Koscielny"""	2017-06-06T12:00:00
"""Macrocephaly, macrosomia, facial dysmorphism syndrome"""	"""http://www.w3.org/2000/01/rdf-schema#label"""	"""http://www.orpha.net/ORDO/Orphanet_137634"""	"""https://w3id.org/semapv/vocab/ManualMappingCuration"""	"""https://www.targetvalidation.org"""	"""Gautier Koscielny"""	2017-06-06T12:00:00
"""Myopathy, centronuclear"""	"""http://www.w3.org/2000/01/rdf-schema#label"""	"""http://www.orpha.net/ORDO/Orphanet_169189"""	"""https://w3id.org/semapv/vocab/ManualMappingCuration"""	"""https://www.targetvalidation.org"""	"""Denise Carvalho-Silva, Ian Dunham, Gautier Koscielny, Naveen Aranganathan"""	2017-05-24T12:00:00
"""Pena-Shokeir syndrome type I"""	"""http://www.w3.org/2000/01/rdf-schema#label"""	"""http://www.orpha.net/ORDO/Orphanet_994"""	"""https://w3id.org/semapv/vocab/ManualMappingCuration"""	"""https://www.targetvalidation.org"""	"""Gautier Koscielny"""	2017-06-06T12:00:00
"""Hereditary angioneurotic edema with normal C1 esterase inhibitor activity"""	"""http://www.w3.org/2000/01/rdf-schema#label"""	"""http://www.orpha.net/ORDO/Orphanet_91378"""	"""https://w3id.org/semapv/vocab/ManualMappingCuration"""	"""https://www.targetvalidation.org"""	"""Gautier Koscielny"""	2017-06-06T12:00:00
"""LEIGH SYNDROME, FRENCH-CANADIAN TYPE"""	"""http://www.w3.org/2000/01/rdf-schema#label"""	"""http://www.orpha.net/ORDO/Orphanet_70472"""	"""https://w3id.org/semapv/vocab/ManualMappingCuration"""	"""https://www.targetvalidation.org"""	"""Denise Carvalho-Silva, Ian Dunham, Gautier Koscielny, Naveen Aranganathan"""	2017-05-24T12:00:00
"""Primary localized cutaneous amyloidosis 1"""	"""http://www.w3.org/2000/01/rdf-schema#label"""	"""http://www.orpha.net/ORDO/Orphanet_353220"""	"""https://w3id.org/semapv/vocab/ManualMappingCuration"""	"""https://www.targetvalidation.org"""	"""Gautier Koscielny"""	2017-06-06T12:00:00
"""Olmsted syndrome"""	"""http://www.w3.org/2000/01/rdf-schema#label"""	"""http://www.orpha.net/ORDO/Orphanet_659"""	"""https://w3id.org/semapv/vocab/ManualMappingCuration"""	"""https://www.targetvalidation.org"""	"""Denise Carvalho-Silva, Ian Dunham, Gautier Koscielny, Naveen Aranganathan"""	2017-05-24T12:00:00
"""Visceral myopathy (Megacystis-microcolon intestinal  hypoperistalsis syndrome,  Berdon syndrome)"""	"""http://www.w3.org/2000/01/rdf-schema#label"""	"""http://www.orpha.net/ORDO/Orphanet_2604"""	"""https://w3id.org/semapv/vocab/ManualMappingCuration"""	"""https://www.targetvalidation.org"""	"""Denise Carvalho-Silva, Ian Dunham, Gautier Koscielny, Naveen Aranganathan"""	2017-05-24T12:00:00
"""Hypoparathyroidism, familial isolated"""	"""http://www.w3.org/2000/01/rdf-schema#label"""	"""http://www.orpha.net/ORDO/Orphanet_2238"""	"""https://w3id.org/semapv/vocab/ManualMappingCuration"""	"""https://www.targetvalidation.org"""	"""Denise Carvalho-Silva, Ian Dunham, Gautier Koscielny, Naveen Aranganathan"""	2017-05-24T12:00:00
"""Ovarioleukodystrophy"""	"""http://www.w3.org/2000/01/rdf-schema#label"""	"""http://www.orpha.net/ORDO/Orphanet_99853"""	"""https://w3id.org/semapv/vocab/ManualMappingCuration"""	"""https://www.targetvalidation.org"""	"""Denise Carvalho-Silva, Ian Dunham, Gautier Koscielny, Naveen Aranganathan"""	2017-05-24T12:00:00
"""Mental retardation, autosomal dominant 31"""	"""http://www.w3.org/2000/01/rdf-schema#label"""	"""http://www.orpha.net/ORDO/Orphanet_178469"""	"""https://w3id.org/semapv/vocab/ManualMappingCuration"""	"""https://www.targetvalidation.org"""	"""Denise Carvalho-Silva, Ian Dunham, Gautier Koscielny, Naveen Aranganathan"""	2017-05-24T12:00:00
"""MENTAL RETARDATION, AUTOSOMAL DOMINANT 23"""	"""http://www.w3.org/2000/01/rdf-schema#label"""	"""http://www.orpha.net/ORDO/Orphanet_404440"""	"""https://w3id.org/semapv/vocab/ManualMappingCuration"""	"""https://www.targetvalidation.org"""	"""Denise Carvalho-Silva, Ian Dunham, Gautier Koscielny, Naveen Aranganathan"""	2017-05-24T12:00:00
"""Leigh syndrome, French-Canadian type"""	"""http://www.w3.org/2000/01/rdf-schema#label"""	"""http://www.orpha.net/ORDO/Orphanet_70472"""	"""https://w3id.org/semapv/vocab/ManualMappingCuration"""	"""https://www.targetvalidation.org"""	"""Denise Carvalho-Silva, Ian Dunham, Gautier Koscielny, Naveen Aranganathan"""	2017-05-24T12:00:00
"""Mental retardation, epileptic seizures, hypogonadism and hypogenitalism, microcephaly, and obesity"""	"""http://www.w3.org/2000/01/rdf-schema#label"""	"""http://www.orpha.net/ORDO/Orphanet_85282"""	"""https://w3id.org/semapv/vocab/ManualMappingCuration"""	"""https://www.targetvalidation.org"""	"""Gautier Koscielny"""	2017-06-06T12:00:00
"""Ghosal syndrome"""	"""http://www.w3.org/2000/01/rdf-schema#label"""	"""http://www.orpha.net/ORDO/Orphanet_1802"""	"""https://w3id.org/semapv/vocab/ManualMappingCuration"""	"""https://www.targetvalidation.org"""	"""Denise Carvalho-Silva, Ian Dunham, Gautier Koscielny, Naveen Aranganathan"""	2017-05-24T12:00:00
"""Thrombocytosis, benign familial microcytic"""	"""http://www.w3.org/2000/01/rdf-schema#label"""	"""http://www.ebi.ac.uk/efo/EFO_0000479"""	"""https://w3id.org/semapv/vocab/ManualMappingCuration"""	"""https://www.targetvalidation.org"""	"""Gautier Koscielny"""	2017-06-06T12:00:00
"""Multiple mitochondrial dysfunctions syndrome 4"""	"""http://www.w3.org/2000/01/rdf-schema#label"""	"""http://www.orpha.net/ORDO/Orphanet_457406"""	"""https://w3id.org/semapv/vocab/ManualMappingCuration"""	"""https://www.targetvalidation.org"""	"""Gautier Koscielny"""	2017-06-06T12:00:00
"""Richieri Costa Pereira syndrome"""	"""http://www.w3.org/2000/01/rdf-schema#label"""	"""http://www.orpha.net/ORDO/Orphanet_3102"""	"""https://w3id.org/semapv/vocab/ManualMappingCuration"""	"""https://www.targetvalidation.org"""	"""Gautier Koscielny"""	2017-06-06T12:00:00
"""Muscular dystrophy, limb-girdle, type 1E"""	"""http://www.w3.org/2000/01/rdf-schema#label"""	"""http://www.orpha.net/ORDO/Orphanet_34516"""	"""https://w3id.org/semapv/vocab/ManualMappingCuration"""	"""https://www.targetvalidation.org"""	"""Denise Carvalho-Silva, Ian Dunham, Gautier Koscielny, Naveen Aranganathan"""	2017-05-24T12:00:00
"""Palmoplantar keratoderma, mutilating, with periorificial keratotic plaques"""	"""http://www.w3.org/2000/01/rdf-schema#label"""	"""http://www.orpha.net/ORDO/Orphanet_659"""	"""https://w3id.org/semapv/vocab/ManualMappingCuration"""	"""https://www.targetvalidation.org"""	"""Gautier Koscielny"""	2017-06-06T12:00:00
"""MACROTHROMBOCYTOPENIA, AUTOSOMAL DOMINANT, TUBB1-RELATED"""	"""http://www.w3.org/2000/01/rdf-schema#label"""	"""http://www.orpha.net/ORDO/Orphanet_140957"""	"""https://w3id.org/semapv/vocab/ManualMappingCuration"""	"""https://www.targetvalidation.org"""	"""Gautier Koscielny"""	2017-06-06T12:00:00
"""Acromesomelic dysplasia, Hunter-Thompson type"""	"""http://www.w3.org/2000/01/rdf-schema#label"""	"""http://www.orpha.net/ORDO/Orphanet_968"""	"""https://w3id.org/semapv/vocab/ManualMappingCuration"""	"""https://www.targetvalidation.org"""	"""Denise Carvalho-Silva, Ian Dunham, Gautier Koscielny, Naveen Aranganathan"""	2017-05-24T12:00:00
"""Epilepsy, hearing loss, and mental retardation syndrome"""	"""http://www.w3.org/2000/01/rdf-schema#label"""	"""http://www.orpha.net/ORDO/Orphanet_457351"""	"""https://w3id.org/semapv/vocab/ManualMappingCuration"""	"""https://www.targetvalidation.org"""	"""Gautier Koscielny"""	2017-06-06T12:00:00
"""Immunodeficiency 14"""	"""http://www.w3.org/2000/01/rdf-schema#label"""	"""http://www.orpha.net/ORDO/Orphanet_397596"""	"""https://w3id.org/semapv/vocab/ManualMappingCuration"""	"""https://www.targetvalidation.org"""	"""Denise Carvalho-Silva, Ian Dunham, Gautier Koscielny, Naveen Aranganathan"""	2017-05-24T12:00:00
"""Glycine encephalopathy"""	"""http://www.w3.org/2000/01/rdf-schema#label"""	"""http://www.orpha.net/ORDO/Orphanet_407"""	"""https://w3id.org/semapv/vocab/ManualMappingCuration"""	"""https://www.targetvalidation.org"""	"""Denise Carvalho-Silva, Ian Dunham, Gautier Koscielny, Naveen Aranganathan"""	2017-05-24T12:00:00
"""Acromesomelic dysplasia, Maroteaux type"""	"""http://www.w3.org/2000/01/rdf-schema#label"""	"""http://www.orpha.net/ORDO/Orphanet_40"""	"""https://w3id.org/semapv/vocab/ManualMappingCuration"""	"""https://www.targetvalidation.org"""	"""Denise Carvalho-Silva, Ian Dunham, Gautier Koscielny, Naveen Aranganathan"""	2017-05-24T12:00:00
"""Cerebral amyloid angiopathy, APP-related"""	"""http://www.w3.org/2000/01/rdf-schema#label"""	"""http://www.orpha.net/ORDO/Orphanet_100006"""	"""https://w3id.org/semapv/vocab/ManualMappingCuration"""	"""https://www.targetvalidation.org"""	"""Gautier Koscielny"""	2017-06-06T12:00:00
"""Cerebral amyloid angiopathy, APP-related"""	"""http://www.w3.org/2000/01/rdf-schema#label"""	"""http://www.orpha.net/ORDO/Orphanet_324703"""	"""https://w3id.org/semapv/vocab/ManualMappingCuration"""	"""https://www.targetvalidation.org"""	"""Gautier Koscielny"""	2017-06-06T12:00:00
"""Cerebral amyloid angiopathy, APP-related"""	"""http://www.w3.org/2000/01/rdf-schema#label"""	"""http://www.orpha.net/ORDO/Orphanet_324708"""	"""https://w3id.org/semapv/vocab/ManualMappingCuration"""	"""https://www.targetvalidation.org"""	"""Gautier Koscielny"""	2017-06-06T12:00:00
"""Cerebral amyloid angiopathy, APP-related"""	"""http://www.w3.org/2000/01/rdf-schema#label"""	"""http://www.orpha.net/ORDO/Orphanet_324713"""	"""https://w3id.org/semapv/vocab/ManualMappingCuration"""	"""https://www.targetvalidation.org"""	"""Gautier Koscielny"""	2017-06-06T12:00:00
"""Cerebral amyloid angiopathy, APP-related"""	"""http://www.w3.org/2000/01/rdf-schema#label"""	"""http://www.orpha.net/ORDO/Orphanet_324718"""	"""https://w3id.org/semapv/vocab/ManualMappingCuration"""	"""https://www.targetvalidation.org"""	"""Gautier Koscielny"""	2017-06-06T12:00:00
"""Cerebral amyloid angiopathy, APP-related"""	"""http://www.w3.org/2000/01/rdf-schema#label"""	"""http://www.orpha.net/ORDO/Orphanet_324723"""	"""https://w3id.org/semapv/vocab/ManualMappingCuration"""	"""https://www.targetvalidation.org"""	"""Gautier Koscielny"""	2017-06-06T12:00:00
"""Basal cell nevus syndrome"""	"""http://www.w3.org/2000/01/rdf-schema#label"""	"""http://www.orpha.net/ORDO/Orphanet_377"""	"""https://w3id.org/semapv/vocab/ManualMappingCuration"""	"""https://www.targetvalidation.org"""	"""Denise Carvalho-Silva, Ian Dunham, Gautier Koscielny, Naveen Aranganathan"""	2017-05-24T12:00:00
"""Moyamoya 6 with achalasia"""	"""http://www.w3.org/2000/01/rdf-schema#label"""	"""http://www.orpha.net/ORDO/Orphanet_401945"""	"""https://w3id.org/semapv/vocab/ManualMappingCuration"""	"""https://www.targetvalidation.org"""	"""Denise Carvalho-Silva, Ian Dunham, Gautier Koscielny, Naveen Aranganathan"""	2017-05-24T12:00:00
"""Coenzyme Q10 deficiency, primary, 2"""	"""http://www.w3.org/2000/01/rdf-schema#label"""	"""http://www.orpha.net/ORDO/Orphanet_254898"""	"""https://w3id.org/semapv/vocab/ManualMappingCuration"""	"""https://www.targetvalidation.org"""	"""Denise Carvalho-Silva, Ian Dunham, Gautier Koscielny, Naveen Aranganathan"""	2017-05-24T12:00:00
"""Acrodermatitis enteropathica  (Disorder of zinc metabolism)"""	"""http://www.w3.org/2000/01/rdf-schema#label"""	"""http://www.orpha.net/ORDO/Orphanet_37"""	"""https://w3id.org/semapv/vocab/ManualMappingCuration"""	"""https://www.targetvalidation.org"""	"""Denise Carvalho-Silva, Ian Dunham, Gautier Koscielny, Naveen Aranganathan"""	2017-05-24T12:00:00
"""Mental Retardation And Microcephaly With Pontine And Cerebellar Hypoplasia"""	"""http://www.w3.org/2000/01/rdf-schema#label"""	"""http://www.orpha.net/ORDO/Orphanet_163937"""	"""https://w3id.org/semapv/vocab/ManualMappingCuration"""	"""https://www.targetvalidation.org"""	"""Denise Carvalho-Silva, Ian Dunham, Gautier Koscielny, Naveen Aranganathan"""	2017-05-24T12:00:00
"""Short stature,auditory canal atresia,mandibular hypoplasia,skeletal abnormalities"""	"""http://www.w3.org/2000/01/rdf-schema#label"""	"""http://www.orpha.net/ORDO/Orphanet_397623"""	"""https://w3id.org/semapv/vocab/ManualMappingCuration"""	"""https://www.targetvalidation.org"""	"""Denise Carvalho-Silva, Ian Dunham, Gautier Koscielny, Naveen Aranganathan"""	2017-05-24T12:00:00
"""Brachydactyly, type E2"""	"""http://www.w3.org/2000/01/rdf-schema#label"""	"""http://www.orpha.net/ORDO/Orphanet_93387"""	"""https://w3id.org/semapv/vocab/ManualMappingCuration"""	"""https://www.targetvalidation.org"""	"""Denise Carvalho-Silva, Ian Dunham, Gautier Koscielny, Naveen Aranganathan"""	2017-05-24T12:00:00
"""Neurodegeneration with optic atrophy, childhood-onset"""	"""http://www.w3.org/2000/01/rdf-schema#label"""	"""http://www.orpha.net/ORDO/Orphanet_352654"""	"""https://w3id.org/semapv/vocab/ManualMappingCuration"""	"""https://www.targetvalidation.org"""	"""Gautier Koscielny"""	2017-06-06T12:00:00
"""Combined saposin deficiency"""	"""http://www.w3.org/2000/01/rdf-schema#label"""	"""http://www.orpha.net/ORDO/Orphanet_139406"""	"""https://w3id.org/semapv/vocab/ManualMappingCuration"""	"""https://www.targetvalidation.org"""	"""Gautier Koscielny"""	2017-06-06T12:00:00
"""Ghosal hematodiaphyseal syndrome"""	"""http://www.w3.org/2000/01/rdf-schema#label"""	"""http://www.orpha.net/ORDO/Orphanet_1802"""	"""https://w3id.org/semapv/vocab/ManualMappingCuration"""	"""https://www.targetvalidation.org"""	"""Denise Carvalho-Silva, Ian Dunham, Gautier Koscielny, Naveen Aranganathan"""	2017-05-24T12:00:00
"""MENTAL RETARDATION, AUTOSOMAL DOMINANT 24"""	"""http://www.w3.org/2000/01/rdf-schema#label"""	"""http://www.orpha.net/ORDO/Orphanet_178469"""	"""https://w3id.org/semapv/vocab/ManualMappingCuration"""	"""https://www.targetvalidation.org"""	"""Denise Carvalho-Silva, Ian Dunham, Gautier Koscielny, Naveen Aranganathan"""	2017-05-24T12:00:00
"""Mental retardation, X-linked, syndromic 13"""	"""http://www.w3.org/2000/01/rdf-schema#label"""	"""http://www.orpha.net/ORDO/Orphanet_3077"""	"""https://w3id.org/semapv/vocab/ManualMappingCuration"""	"""https://www.targetvalidation.org"""	"""Denise Carvalho-Silva, Ian Dunham, Gautier Koscielny, Naveen Aranganathan"""	2017-05-24T12:00:00
"""Ehlers-Danlos syndrome, type vii, autosomal recessive"""	"""http://www.w3.org/2000/01/rdf-schema#label"""	"""http://www.orpha.net/ORDO/Orphanet_1901"""	"""https://w3id.org/semapv/vocab/ManualMappingCuration"""	"""https://www.targetvalidation.org"""	"""Gautier Koscielny"""	2017-06-06T12:00:00
"""Autoinflammation, antibody deficiency, and immune dysregulation, plcg2-associated"""	"""http://www.w3.org/2000/01/rdf-schema#label"""	"""http://www.orpha.net/ORDO/Orphanet_324530"""	"""https://w3id.org/semapv/vocab/ManualMappingCuration"""	"""https://www.targetvalidation.org"""	"""Gautier Koscielny"""	2017-06-06T12:00:00
"""Digital arthropathy-brachydactyly, familial"""	"""http://www.w3.org/2000/01/rdf-schema#label"""	"""http://www.orpha.net/ORDO/Orphanet_85169"""	"""https://w3id.org/semapv/vocab/ManualMappingCuration"""	"""https://www.targetvalidation.org"""	"""Gautier Koscielny"""	2017-06-06T12:00:00
"""Charcot Marie Tooth disease, type 2D"""	"""http://www.w3.org/2000/01/rdf-schema#label"""	"""http://www.orpha.net/ORDO/Orphanet_99938"""	"""https://w3id.org/semapv/vocab/ManualMappingCuration"""	"""https://www.targetvalidation.org"""	"""Denise Carvalho-Silva, Ian Dunham, Gautier Koscielny, Naveen Aranganathan"""	2017-05-24T12:00:00
"""Cerebellar ataxia, mental retardation, and dysequilibrium syndrome 4"""	"""http://www.w3.org/2000/01/rdf-schema#label"""	"""http://www.orpha.net/ORDO/Orphanet_1766"""	"""https://w3id.org/semapv/vocab/ManualMappingCuration"""	"""https://www.targetvalidation.org"""	"""Gautier Koscielny"""	2017-06-06T12:00:00
"""Cerebellar ataxia, mental retardation, and dysequilibrium syndrome 2"""	"""http://www.w3.org/2000/01/rdf-schema#label"""	"""http://www.orpha.net/ORDO/Orphanet_1766"""	"""https://w3id.org/semapv/vocab/ManualMappingCuration"""	"""https://www.targetvalidation.org"""	"""Gautier Koscielny"""	2017-06-06T12:00:00
"""Mental retardation, X-linked 3"""	"""http://www.w3.org/2000/01/rdf-schema#label"""	"""http://www.orpha.net/ORDO/Orphanet_369962"""	"""https://w3id.org/semapv/vocab/ManualMappingCuration"""	"""https://www.targetvalidation.org"""	"""Denise Carvalho-Silva, Ian Dunham, Gautier Koscielny, Naveen Aranganathan"""	2017-05-24T12:00:00
"""Ohdo syndrome, X-linked"""	"""http://www.w3.org/2000/01/rdf-schema#label"""	"""http://www.orpha.net/ORDO/Orphanet_293707"""	"""https://w3id.org/semapv/vocab/ManualMappingCuration"""	"""https://www.targetvalidation.org"""	"""Gautier Koscielny"""	2017-06-06T12:00:00
"""Borjeson-Forssman-Lehmann syndrome"""	"""http://www.w3.org/2000/01/rdf-schema#label"""	"""http://www.orpha.net/ORDO/Orphanet_127"""	"""https://w3id.org/semapv/vocab/ManualMappingCuration"""	"""https://www.targetvalidation.org"""	"""Denise Carvalho-Silva, Ian Dunham, Gautier Koscielny, Naveen Aranganathan"""	2017-05-24T12:00:00
"""Mental retardation, autosomal dominant 23"""	"""http://www.w3.org/2000/01/rdf-schema#label"""	"""http://www.orpha.net/ORDO/Orphanet_178469"""	"""https://w3id.org/semapv/vocab/ManualMappingCuration"""	"""https://www.targetvalidation.org"""	"""Denise Carvalho-Silva, Ian Dunham, Gautier Koscielny, Naveen Aranganathan"""	2017-05-24T12:00:00
"""T-cell receptor alpha/beta deficiency"""	"""http://www.w3.org/2000/01/rdf-schema#label"""	"""http://www.orpha.net/ORDO/Orphanet_397959"""	"""https://w3id.org/semapv/vocab/ManualMappingCuration"""	"""https://www.targetvalidation.org"""	"""Gautier Koscielny"""	2017-06-06T12:00:00
"""Wilms tumor, aniridia, genitourinary anomalies, and mental retardation syndrome"""	"""http://www.w3.org/2000/01/rdf-schema#label"""	"""http://www.orpha.net/ORDO/Orphanet_893"""	"""https://w3id.org/semapv/vocab/ManualMappingCuration"""	"""https://www.targetvalidation.org"""	"""Gautier Koscielny"""	2017-06-06T12:00:00
"""Basal ganglia calcification idiopathic 4"""	"""http://www.w3.org/2000/01/rdf-schema#label"""	"""http://www.orpha.net/ORDO/Orphanet_1980"""	"""https://w3id.org/semapv/vocab/ManualMappingCuration"""	"""https://www.targetvalidation.org"""	"""Denise Carvalho-Silva, Ian Dunham, Gautier Koscielny, Naveen Aranganathan"""	2017-05-24T12:00:00
"""Spondylometaphyseal dysplasia, Sedaghatian type"""	"""http://www.w3.org/2000/01/rdf-schema#label"""	"""http://www.orpha.net/ORDO/Orphanet_93317"""	"""https://w3id.org/semapv/vocab/ManualMappingCuration"""	"""https://www.targetvalidation.org"""	"""Denise Carvalho-Silva, Ian Dunham, Gautier Koscielny, Naveen Aranganathan"""	2017-05-24T12:00:00
"""Alport syndrome, autosomal dominant"""	"""http://www.w3.org/2000/01/rdf-schema#label"""	"""http://www.orpha.net/ORDO/Orphanet_88918"""	"""https://w3id.org/semapv/vocab/ManualMappingCuration"""	"""https://www.targetvalidation.org"""	"""Denise Carvalho-Silva, Ian Dunham, Gautier Koscielny, Naveen Aranganathan"""	2017-05-24T12:00:00
"""Laryngoonychocutaneous syndrome"""	"""http://www.w3.org/2000/01/rdf-schema#label"""	"""http://www.orpha.net/ORDO/Orphanet_2407"""	"""https://w3id.org/semapv/vocab/ManualMappingCuration"""	"""https://www.targetvalidation.org"""	"""Gautier Koscielny"""	2017-06-06T12:00:00
"""Vitamin k-dependent clotting factors, combined deficiency of, 2"""	"""http://www.w3.org/2000/01/rdf-schema#label"""	"""http://www.orpha.net/ORDO/Orphanet_98434"""	"""https://w3id.org/semapv/vocab/ManualMappingCuration"""	"""https://www.targetvalidation.org"""	"""Gautier Koscielny"""	2017-06-06T12:00:00
"""Short stature, auditory canal atresia, mandibular hypoplasia, skeletal abnormalities"""	"""http://www.w3.org/2000/01/rdf-schema#label"""	"""http://www.orpha.net/ORDO/Orphanet_397623"""	"""https://w3id.org/semapv/vocab/ManualMappingCuration"""	"""https://www.targetvalidation.org"""	"""Denise Carvalho-Silva, Ian Dunham, Gautier Koscielny, Naveen Aranganathan"""	2017-05-24T12:00:00
"""Transposition of the great arteries, dextro-looped 3"""	"""http://www.w3.org/2000/01/rdf-schema#label"""	"""http://www.orpha.net/ORDO/Orphanet_860"""	"""https://w3id.org/semapv/vocab/ManualMappingCuration"""	"""https://www.targetvalidation.org"""	"""Gautier Koscielny"""	2017-06-06T12:00:00
"""Oral-facial-digital syndrome 1"""	"""http://www.w3.org/2000/01/rdf-schema#label"""	"""http://www.orpha.net/ORDO/Orphanet_2750"""	"""https://w3id.org/semapv/vocab/ManualMappingCuration"""	"""https://www.targetvalidation.org"""	"""Denise Carvalho-Silva, Ian Dunham, Gautier Koscielny, Naveen Aranganathan"""	2017-05-24T12:00:00
"""Sotos syndrome 2"""	"""http://www.w3.org/2000/01/rdf-schema#label"""	"""http://www.orpha.net/ORDO/Orphanet_420179"""	"""https://w3id.org/semapv/vocab/ManualMappingCuration"""	"""https://www.targetvalidation.org"""	"""Denise Carvalho-Silva, Ian Dunham, Gautier Koscielny, Naveen Aranganathan"""	2017-05-24T12:00:00
"""Hypertriglyceridemia, transient infantile"""	"""http://www.w3.org/2000/01/rdf-schema#label"""	"""http://www.orpha.net/ORDO/Orphanet_300293"""	"""https://w3id.org/semapv/vocab/ManualMappingCuration"""	"""https://www.targetvalidation.org"""	"""Gautier Koscielny"""	2017-06-06T12:00:00
"""Hypothyroidism, Congenital, Nongoitrous, 6"""	"""http://www.w3.org/2000/01/rdf-schema#label"""	"""http://www.orpha.net/ORDO/Orphanet_90673"""	"""https://w3id.org/semapv/vocab/ManualMappingCuration"""	"""https://www.targetvalidation.org"""	"""Denise Carvalho-Silva, Ian Dunham, Gautier Koscielny, Naveen Aranganathan"""	2017-05-24T12:00:00
"""alternating hemiplegia of childhood"""	"""http://www.w3.org/2000/01/rdf-schema#label"""	"""http://www.orpha.net/ORDO/Orphanet_2131"""	"""https://w3id.org/semapv/vocab/ManualMappingCuration"""	"""https://www.targetvalidation.org"""	"""Denise Carvalho-Silva, Ian Dunham, Gautier Koscielny, Naveen Aranganathan"""	2017-05-24T12:00:00
"""Gorlin Syndrome"""	"""http://www.w3.org/2000/01/rdf-schema#label"""	"""http://www.orpha.net/ORDO/Orphanet_377"""	"""https://w3id.org/semapv/vocab/ManualMappingCuration"""	"""https://www.targetvalidation.org"""	"""Denise Carvalho-Silva, Ian Dunham, Gautier Koscielny, Naveen Aranganathan"""	2017-05-24T12:00:00
"""Cerebellar ataxia, mental retardation, and dysequilibrium syndrome 1"""	"""http://www.w3.org/2000/01/rdf-schema#label"""	"""http://www.orpha.net/ORDO/Orphanet_1766"""	"""https://w3id.org/semapv/vocab/ManualMappingCuration"""	"""https://www.targetvalidation.org"""	"""Gautier Koscielny"""	2017-06-06T12:00:00
"""Fetal akinesia deformation sequence"""	"""http://www.w3.org/2000/01/rdf-schema#label"""	"""http://www.orpha.net/ORDO/Orphanet_994"""	"""https://w3id.org/semapv/vocab/ManualMappingCuration"""	"""https://www.targetvalidation.org"""	"""Denise Carvalho-Silva, Ian Dunham, Gautier Koscielny, Naveen Aranganathan"""	2017-05-24T12:00:00
"""Pyruvate dehydrogenase E1-alpha deficiency"""	"""http://www.w3.org/2000/01/rdf-schema#label"""	"""http://www.orpha.net/ORDO/Orphanet_79243"""	"""https://w3id.org/semapv/vocab/ManualMappingCuration"""	"""https://www.targetvalidation.org"""	"""Denise Carvalho-Silva, Ian Dunham, Gautier Koscielny, Naveen Aranganathan"""	2017-05-24T12:00:00
"""Palmoplantar keratoderma, nonepidermolytic"""	"""http://www.w3.org/2000/01/rdf-schema#label"""	"""http://www.orpha.net/ORDO/Orphanet_2337"""	"""https://w3id.org/semapv/vocab/ManualMappingCuration"""	"""https://www.targetvalidation.org"""	"""Denise Carvalho-Silva, Ian Dunham, Gautier Koscielny, Naveen Aranganathan"""	2017-05-24T12:00:00
"""Brody myopathy"""	"""http://www.w3.org/2000/01/rdf-schema#label"""	"""http://www.orpha.net/ORDO/Orphanet_53347"""	"""https://w3id.org/semapv/vocab/ManualMappingCuration"""	"""https://www.targetvalidation.org"""	"""Denise Carvalho-Silva, Ian Dunham, Gautier Koscielny, Naveen Aranganathan"""	2017-05-24T12:00:00
"""Limb-girdle muscular dystrophy"""	"""http://www.w3.org/2000/01/rdf-schema#label"""	"""http://www.orpha.net/ORDO/Orphanet_263"""	"""https://w3id.org/semapv/vocab/ManualMappingCuration"""	"""https://www.targetvalidation.org"""	"""Denise Carvalho-Silva, Ian Dunham, Gautier Koscielny, Naveen Aranganathan"""	2017-05-24T12:00:00
"""Piebaldism"""	"""http://www.w3.org/2000/01/rdf-schema#label"""	"""http://www.orpha.net/ORDO/Orphanet_2884"""	"""https://w3id.org/semapv/vocab/ManualMappingCuration"""	"""https://www.targetvalidation.org"""	"""Denise Carvalho-Silva, Ian Dunham, Gautier Koscielny, Naveen Aranganathan"""	2017-05-24T12:00:00
"""DEAFNESS, NONSYNDROMIC SENSORINEURAL, MITOCHONDRIAL"""	"""http://www.w3.org/2000/01/rdf-schema#label"""	"""http://www.orpha.net/ORDO/Orphanet_90641"""	"""https://w3id.org/semapv/vocab/ManualMappingCuration"""	"""https://www.targetvalidation.org"""	"""Denise Carvalho-Silva, Ian Dunham, Gautier Koscielny, Naveen Aranganathan"""	2017-05-24T12:00:00
"""Hyperoxaluria, primary, type II"""	"""http://www.w3.org/2000/01/rdf-schema#label"""	"""http://www.orpha.net/ORDO/Orphanet_93599"""	"""https://w3id.org/semapv/vocab/ManualMappingCuration"""	"""https://www.targetvalidation.org"""	"""Denise Carvalho-Silva, Ian Dunham, Gautier Koscielny, Naveen Aranganathan"""	2017-05-24T12:00:00
"""Trigonocephaly 1"""	"""http://www.w3.org/2000/01/rdf-schema#label"""	"""http://www.orpha.net/ORDO/Orphanet_3366"""	"""https://w3id.org/semapv/vocab/ManualMappingCuration"""	"""https://www.targetvalidation.org"""	"""Gautier Koscielny"""	2017-06-06T12:00:00
"""2-aminoadipic and 2-oxoadipic aciduria"""	"""http://www.w3.org/2000/01/rdf-schema#label"""	"""http://www.orpha.net/ORDO/Orphanet_79154"""	"""https://w3id.org/semapv/vocab/ManualMappingCuration"""	"""https://www.targetvalidation.org"""	"""Denise Carvalho-Silva, Ian Dunham, Gautier Koscielny, Naveen Aranganathan"""	2017-05-24T12:00:00
"""Cerebellar ataxia, mental retardation, and dysequilibrium syndrome 3"""	"""http://www.w3.org/2000/01/rdf-schema#label"""	"""http://www.orpha.net/ORDO/Orphanet_1766"""	"""https://w3id.org/semapv/vocab/ManualMappingCuration"""	"""https://www.targetvalidation.org"""	"""Gautier Koscielny"""	2017-06-06T12:00:00
"""UV-sensitive syndrome 3"""	"""http://www.w3.org/2000/01/rdf-schema#label"""	"""http://www.orpha.net/ORDO/Orphanet_178338"""	"""https://w3id.org/semapv/vocab/ManualMappingCuration"""	"""https://www.targetvalidation.org"""	"""Denise Carvalho-Silva, Ian Dunham, Gautier Koscielny, Naveen Aranganathan"""	2017-05-24T12:00:00
"""Basal ganglia calcification, idiopathic, 6"""	"""http://www.w3.org/2000/01/rdf-schema#label"""	"""http://www.orpha.net/ORDO/Orphanet_1980"""	"""https://w3id.org/semapv/vocab/ManualMappingCuration"""	"""https://www.targetvalidation.org"""	"""Denise Carvalho-Silva, Ian Dunham, Gautier Koscielny, Naveen Aranganathan"""	2017-05-24T12:00:00
"""Auriculocondylar syndrome 2"""	"""http://www.w3.org/2000/01/rdf-schema#label"""	"""http://www.orpha.net/ORDO/Orphanet_137888"""	"""https://w3id.org/semapv/vocab/ManualMappingCuration"""	"""https://www.targetvalidation.org"""	"""Denise Carvalho-Silva, Ian Dunham, Gautier Koscielny, Naveen Aranganathan"""	2017-05-24T12:00:00
"""Snowflake vitreoretinal degeneration"""	"""http://www.w3.org/2000/01/rdf-schema#label"""	"""http://www.orpha.net/ORDO/Orphanet_91496"""	"""https://w3id.org/semapv/vocab/ManualMappingCuration"""	"""https://www.targetvalidation.org"""	"""Denise Carvalho-Silva, Ian Dunham, Gautier Koscielny, Naveen Aranganathan"""	2017-05-24T12:00:00
"""22q13.3 deletion syndrome"""	"""http://www.w3.org/2000/01/rdf-schema#label"""	"""http://www.orpha.net/ORDO/Orphanet_48652"""	"""https://w3id.org/semapv/vocab/ManualMappingCuration"""	"""https://www.targetvalidation.org"""	"""Gautier Koscielny"""	2017-06-06T12:00:00
"""Hyperuricemia, pulmonary hypertension, renal failure, and alkalosis"""	"""http://www.w3.org/2000/01/rdf-schema#label"""	"""http://www.orpha.net/ORDO/Orphanet_363694"""	"""https://w3id.org/semapv/vocab/ManualMappingCuration"""	"""https://www.targetvalidation.org"""	"""Gautier Koscielny"""	2017-06-06T12:00:00
"""Immunodeficiency 36"""	"""http://www.w3.org/2000/01/rdf-schema#label"""	"""http://www.orpha.net/ORDO/Orphanet_397596"""	"""https://w3id.org/semapv/vocab/ManualMappingCuration"""	"""https://www.targetvalidation.org"""	"""Denise Carvalho-Silva, Ian Dunham, Gautier Koscielny, Naveen Aranganathan"""	2017-05-24T12:00:00
"""Hypothyroidism, Congenital, Nongoitrous, 1"""	"""http://www.w3.org/2000/01/rdf-schema#label"""	"""http://www.orpha.net/ORDO/Orphanet_90673"""	"""https://w3id.org/semapv/vocab/ManualMappingCuration"""	"""https://www.targetvalidation.org"""	"""Denise Carvalho-Silva, Ian Dunham, Gautier Koscielny, Naveen Aranganathan"""	2017-05-24T12:00:00
"""Muscular dystrophy, limb-girdle, type 2D"""	"""http://www.w3.org/2000/01/rdf-schema#label"""	"""http://www.orpha.net/ORDO/Orphanet_62"""	"""https://w3id.org/semapv/vocab/ManualMappingCuration"""	"""https://www.targetvalidation.org"""	"""Denise Carvalho-Silva, Ian Dunham, Gautier Koscielny, Naveen Aranganathan"""	2017-05-24T12:00:00
"""Bruck syndrome 1"""	"""http://www.w3.org/2000/01/rdf-schema#label"""	"""http://www.orpha.net/ORDO/Orphanet_2771"""	"""https://w3id.org/semapv/vocab/ManualMappingCuration"""	"""https://www.targetvalidation.org"""	"""Denise Carvalho-Silva, Ian Dunham, Gautier Koscielny, Naveen Aranganathan"""	2017-05-24T12:00:00
"""Microphthalmia, syndromic 2"""	"""http://www.w3.org/2000/01/rdf-schema#label"""	"""http://www.orpha.net/ORDO/Orphanet_568"""	"""https://w3id.org/semapv/vocab/ManualMappingCuration"""	"""https://www.targetvalidation.org"""	"""Denise Carvalho-Silva, Ian Dunham, Gautier Koscielny, Naveen Aranganathan"""	2017-05-24T12:00:00
"""Cardiac valvular dysplasia, X-linked"""	"""http://www.w3.org/2000/01/rdf-schema#label"""	"""http://www.orpha.net/ORDO/Orphanet_1864"""	"""https://w3id.org/semapv/vocab/ManualMappingCuration"""	"""https://www.targetvalidation.org"""	"""Gautier Koscielny"""	2017-06-06T12:00:00
"""Microcephaly with mental retardation and digital anomalies"""	"""http://www.w3.org/2000/01/rdf-schema#label"""	"""http://www.orpha.net/ORDO/Orphanet_313795"""	"""https://w3id.org/semapv/vocab/ManualMappingCuration"""	"""https://www.targetvalidation.org"""	"""Gautier Koscielny"""	2017-06-06T12:00:00
'						
